{
    "loss": 18.572851181030273,
    "accuracy": 0.5179855823516846
}