{
    "loss": 11.682668685913086,
    "accuracy": 0.5179855823516846
}